work_id,topic_id,topic_name
https://openalex.org/W4388923668,https://openalex.org/T10399,Hydrocarbon exploration and reservoir analysis
https://openalex.org/W4388923668,https://openalex.org/T10109,Paleontology and Stratigraphy of Fossils
https://openalex.org/W4388923668,https://openalex.org/T11740,Geochemistry and Elemental Analysis
https://openalex.org/W3012467253,https://openalex.org/T12603,NMR spectroscopy and applications
https://openalex.org/W3012467253,https://openalex.org/T11304,Advanced Neuroimaging Techniques and Applications
https://openalex.org/W3012467253,https://openalex.org/T11809,Advanced NMR Techniques and Applications
https://openalex.org/W3035028305,https://openalex.org/T10965,Geological formations and processes
https://openalex.org/W3035028305,https://openalex.org/T10399,Hydrocarbon exploration and reservoir analysis
https://openalex.org/W3035028305,https://openalex.org/T11740,Geochemistry and Elemental Analysis
https://openalex.org/W3102597749,https://openalex.org/T10965,Geological formations and processes
https://openalex.org/W3102597749,https://openalex.org/T10399,Hydrocarbon exploration and reservoir analysis
https://openalex.org/W3102597749,https://openalex.org/T13177,Geological and Geophysical Studies
https://openalex.org/W3152701421,https://openalex.org/T12603,NMR spectroscopy and applications
https://openalex.org/W3152701421,https://openalex.org/T10399,Hydrocarbon exploration and reservoir analysis
https://openalex.org/W3152701421,https://openalex.org/T10271,Seismic Imaging and Inversion Techniques
https://openalex.org/W4313367735,https://openalex.org/T10399,Hydrocarbon exploration and reservoir analysis
https://openalex.org/W4313367735,https://openalex.org/T10965,Geological formations and processes
https://openalex.org/W4313367735,https://openalex.org/T10635,Hydraulic Fracturing and Reservoir Analysis
https://openalex.org/W3139415666,https://openalex.org/T10399,Hydrocarbon exploration and reservoir analysis
https://openalex.org/W3139415666,https://openalex.org/T10635,Hydraulic Fracturing and Reservoir Analysis
https://openalex.org/W3139415666,https://openalex.org/T10491,Enhanced Oil Recovery Techniques
https://openalex.org/W4388205616,https://openalex.org/T10572,Geophysical and Geoelectrical Methods
https://openalex.org/W4388205616,https://openalex.org/T10033,Concrete and Cement Materials Research
https://openalex.org/W4388205616,https://openalex.org/T10892,Drilling and Well Engineering
https://openalex.org/W2945148837,https://openalex.org/T10399,Hydrocarbon exploration and reservoir analysis
https://openalex.org/W2945148837,https://openalex.org/T13177,Geological and Geophysical Studies
https://openalex.org/W2945148837,https://openalex.org/T10995,Methane Hydrates and Related Phenomena
https://openalex.org/W4399072009,https://openalex.org/T10399,Hydrocarbon exploration and reservoir analysis
https://openalex.org/W4399072009,https://openalex.org/T10965,Geological formations and processes
https://openalex.org/W4399072009,https://openalex.org/T10109,Paleontology and Stratigraphy of Fossils
https://openalex.org/W2988910414,https://openalex.org/T10399,Hydrocarbon exploration and reservoir analysis
https://openalex.org/W2988910414,https://openalex.org/T10635,Hydraulic Fracturing and Reservoir Analysis
https://openalex.org/W2988910414,https://openalex.org/T12603,NMR spectroscopy and applications
https://openalex.org/W2944809997,https://openalex.org/T10399,Hydrocarbon exploration and reservoir analysis
https://openalex.org/W2944809997,https://openalex.org/T10635,Hydraulic Fracturing and Reservoir Analysis
https://openalex.org/W2944809997,https://openalex.org/T13177,Geological and Geophysical Studies
https://openalex.org/W4220873824,https://openalex.org/T10399,Hydrocarbon exploration and reservoir analysis
https://openalex.org/W4220873824,https://openalex.org/T10965,Geological formations and processes
https://openalex.org/W4220873824,https://openalex.org/T10635,Hydraulic Fracturing and Reservoir Analysis
https://openalex.org/W3195908734,https://openalex.org/T10577,Hydrology and Sediment Transport Processes
https://openalex.org/W3195908734,https://openalex.org/T10330,Hydrology and Watershed Management Studies
https://openalex.org/W4283757143,https://openalex.org/T10271,Seismic Imaging and Inversion Techniques
https://openalex.org/W4283757143,https://openalex.org/T10399,Hydrocarbon exploration and reservoir analysis
https://openalex.org/W4283757143,https://openalex.org/T10965,Geological formations and processes
https://openalex.org/W4223892951,https://openalex.org/T10399,Hydrocarbon exploration and reservoir analysis
https://openalex.org/W4223892951,https://openalex.org/T10635,Hydraulic Fracturing and Reservoir Analysis
https://openalex.org/W4223892951,https://openalex.org/T11284,Coal Properties and Utilization
https://openalex.org/W4398159676,https://openalex.org/T10001,Geological and Geochemical Analysis
https://openalex.org/W4398159676,https://openalex.org/T12157,Geochemistry and Geologic Mapping
https://openalex.org/W4398159676,https://openalex.org/T10413,High-pressure geophysics and materials
https://openalex.org/W4309553920,https://openalex.org/T10109,Paleontology and Stratigraphy of Fossils
https://openalex.org/W4309553920,https://openalex.org/T13177,Geological and Geophysical Studies
https://openalex.org/W4309553920,https://openalex.org/T10017,Geology and Paleoclimatology Research
https://openalex.org/W4317376201,https://openalex.org/T10399,Hydrocarbon exploration and reservoir analysis
https://openalex.org/W4317376201,https://openalex.org/T12157,Geochemistry and Geologic Mapping
https://openalex.org/W4317376201,https://openalex.org/T10635,Hydraulic Fracturing and Reservoir Analysis
https://openalex.org/W3141818123,https://openalex.org/T10399,Hydrocarbon exploration and reservoir analysis
https://openalex.org/W3141818123,https://openalex.org/T10635,Hydraulic Fracturing and Reservoir Analysis
https://openalex.org/W3141818123,https://openalex.org/T12603,NMR spectroscopy and applications
https://openalex.org/W4213326878,https://openalex.org/T10965,Geological formations and processes
https://openalex.org/W4213326878,https://openalex.org/T10635,Hydraulic Fracturing and Reservoir Analysis
https://openalex.org/W4213326878,https://openalex.org/T10399,Hydrocarbon exploration and reservoir analysis
https://openalex.org/W4223471131,https://openalex.org/T10109,Paleontology and Stratigraphy of Fossils
https://openalex.org/W4223471131,https://openalex.org/T10965,Geological formations and processes
https://openalex.org/W4223471131,https://openalex.org/T10399,Hydrocarbon exploration and reservoir analysis
https://openalex.org/W4387996609,https://openalex.org/T11740,Geochemistry and Elemental Analysis
https://openalex.org/W4387996609,https://openalex.org/T10109,Paleontology and Stratigraphy of Fossils
https://openalex.org/W4387996609,https://openalex.org/T11877,Iron oxide chemistry and applications
https://openalex.org/W4390510283,https://openalex.org/T10965,Geological formations and processes
https://openalex.org/W4390510283,https://openalex.org/T10399,Hydrocarbon exploration and reservoir analysis
https://openalex.org/W4390510283,https://openalex.org/T10001,Geological and Geochemical Analysis
https://openalex.org/W4391167607,https://openalex.org/T10017,Geology and Paleoclimatology Research
https://openalex.org/W4391167607,https://openalex.org/T11740,Geochemistry and Elemental Analysis
https://openalex.org/W4391167607,https://openalex.org/T10399,Hydrocarbon exploration and reservoir analysis
https://openalex.org/W4390685983,https://openalex.org/T10399,Hydrocarbon exploration and reservoir analysis
https://openalex.org/W4390685983,https://openalex.org/T10635,Hydraulic Fracturing and Reservoir Analysis
https://openalex.org/W4390685983,https://openalex.org/T10892,Drilling and Well Engineering
https://openalex.org/W4391286506,https://openalex.org/T10399,Hydrocarbon exploration and reservoir analysis
https://openalex.org/W4391286506,https://openalex.org/T10109,Paleontology and Stratigraphy of Fossils
https://openalex.org/W4391286506,https://openalex.org/T10965,Geological formations and processes
https://openalex.org/W4200149467,https://openalex.org/T10399,Hydrocarbon exploration and reservoir analysis
https://openalex.org/W4200149467,https://openalex.org/T12157,Geochemistry and Geologic Mapping
https://openalex.org/W4200149467,https://openalex.org/T11630,Petroleum Processing and Analysis
https://openalex.org/W3195332584,https://openalex.org/T11740,Geochemistry and Elemental Analysis
https://openalex.org/W3195332584,https://openalex.org/T10973,Radioactive element chemistry and processing
https://openalex.org/W3195332584,https://openalex.org/T10109,Paleontology and Stratigraphy of Fossils
https://openalex.org/W4392964788,https://openalex.org/T10399,Hydrocarbon exploration and reservoir analysis
https://openalex.org/W4392964788,https://openalex.org/T10965,Geological formations and processes
https://openalex.org/W4392964788,https://openalex.org/T13205,Geological and Geophysical Studies Worldwide
https://openalex.org/W3128658973,https://openalex.org/T12157,Geochemistry and Geologic Mapping
https://openalex.org/W3128658973,https://openalex.org/T10399,Hydrocarbon exploration and reservoir analysis
https://openalex.org/W3128658973,https://openalex.org/T10995,Methane Hydrates and Related Phenomena
https://openalex.org/W2618368271,https://openalex.org/T10995,Methane Hydrates and Related Phenomena
https://openalex.org/W2618368271,https://openalex.org/T10399,Hydrocarbon exploration and reservoir analysis
https://openalex.org/W2618368271,https://openalex.org/T11588,Atmospheric and Environmental Gas Dynamics
https://openalex.org/W2766468506,https://openalex.org/T10399,Hydrocarbon exploration and reservoir analysis
https://openalex.org/W2766468506,https://openalex.org/T13177,Geological and Geophysical Studies
https://openalex.org/W2766468506,https://openalex.org/T10995,Methane Hydrates and Related Phenomena
https://openalex.org/W2928602162,https://openalex.org/T10399,Hydrocarbon exploration and reservoir analysis
https://openalex.org/W2928602162,https://openalex.org/T10635,Hydraulic Fracturing and Reservoir Analysis
https://openalex.org/W2928602162,https://openalex.org/T11801,Reservoir Engineering and Simulation Methods
https://openalex.org/W2965273680,https://openalex.org/T12157,Geochemistry and Geologic Mapping
https://openalex.org/W4205343768,https://openalex.org/T12319,Fish Biology and Ecology Studies
https://openalex.org/W4221087233,https://openalex.org/T10955,Paleontology and Evolutionary Biology
https://openalex.org/W4221087233,https://openalex.org/T11387,Ichthyology and Marine Biology
https://openalex.org/W4221087233,https://openalex.org/T13177,Geological and Geophysical Studies
https://openalex.org/W4385654401,https://openalex.org/T10399,Hydrocarbon exploration and reservoir analysis
https://openalex.org/W4385654401,https://openalex.org/T10635,Hydraulic Fracturing and Reservoir Analysis
https://openalex.org/W4385654401,https://openalex.org/T10892,Drilling and Well Engineering
https://openalex.org/W4388593599,https://openalex.org/T11387,Ichthyology and Marine Biology
https://openalex.org/W4388593599,https://openalex.org/T10955,Paleontology and Evolutionary Biology
https://openalex.org/W4388593599,https://openalex.org/T12319,Fish Biology and Ecology Studies
https://openalex.org/W4388960641,https://openalex.org/T10017,Geology and Paleoclimatology Research
https://openalex.org/W4388960641,https://openalex.org/T11740,Geochemistry and Elemental Analysis
https://openalex.org/W4388960641,https://openalex.org/T10109,Paleontology and Stratigraphy of Fossils
https://openalex.org/W4392600402,https://openalex.org/T11588,Atmospheric and Environmental Gas Dynamics
https://openalex.org/W4409556117,https://openalex.org/T12383,Aeolian processes and effects
https://openalex.org/W4409556117,https://openalex.org/T10535,Landslides and related hazards
https://openalex.org/W4409556117,https://openalex.org/T10577,Hydrology and Sediment Transport Processes
https://openalex.org/W4412890921,https://openalex.org/T11007,Hybrid Renewable Energy Systems
https://openalex.org/W4412890921,https://openalex.org/T10973,Radioactive element chemistry and processing
https://openalex.org/W4412890921,https://openalex.org/T13465,"Graphite, nuclear technology, radiation studies"
https://openalex.org/W4413307018,https://openalex.org/T12383,Aeolian processes and effects
https://openalex.org/W4413307018,https://openalex.org/T10889,Soil erosion and sediment transport
https://openalex.org/W4413307018,https://openalex.org/T10577,Hydrology and Sediment Transport Processes
https://openalex.org/W1967710197,https://openalex.org/T10045,Organic Electronics and Photovoltaics
https://openalex.org/W1967710197,https://openalex.org/T10611,Organic Light-Emitting Diodes Research
https://openalex.org/W1967710197,https://openalex.org/T10247,Perovskite Materials and Applications
https://openalex.org/W3137305441,https://openalex.org/T10491,Enhanced Oil Recovery Techniques
https://openalex.org/W3137305441,https://openalex.org/T11915,Pickering emulsions and particle stabilization
https://openalex.org/W3137305441,https://openalex.org/T11630,Petroleum Processing and Analysis
https://openalex.org/W2998154399,https://openalex.org/T11915,Pickering emulsions and particle stabilization
https://openalex.org/W2998154399,https://openalex.org/T10721,Surfactants and Colloidal Systems
https://openalex.org/W2998154399,https://openalex.org/T10491,Enhanced Oil Recovery Techniques
https://openalex.org/W3046448093,https://openalex.org/T10491,Enhanced Oil Recovery Techniques
https://openalex.org/W3046448093,https://openalex.org/T11401,Minerals Flotation and Separation Techniques
https://openalex.org/W3046448093,https://openalex.org/T11915,Pickering emulsions and particle stabilization
https://openalex.org/W3190267996,https://openalex.org/T10491,Enhanced Oil Recovery Techniques
https://openalex.org/W3190267996,https://openalex.org/T11630,Petroleum Processing and Analysis
https://openalex.org/W3190267996,https://openalex.org/T10721,Surfactants and Colloidal Systems
https://openalex.org/W3202458597,https://openalex.org/T10491,Enhanced Oil Recovery Techniques
https://openalex.org/W3202458597,https://openalex.org/T10635,Hydraulic Fracturing and Reservoir Analysis
https://openalex.org/W3202458597,https://openalex.org/T11915,Pickering emulsions and particle stabilization
https://openalex.org/W3077833416,https://openalex.org/T10399,Hydrocarbon exploration and reservoir analysis
https://openalex.org/W3077833416,https://openalex.org/T10995,Methane Hydrates and Related Phenomena
https://openalex.org/W3077833416,https://openalex.org/T11588,Atmospheric and Environmental Gas Dynamics
https://openalex.org/W4383370930,https://openalex.org/T11007,Hybrid Renewable Energy Systems
https://openalex.org/W4383370930,https://openalex.org/T10967,Carbon Dioxide Capture Technologies
https://openalex.org/W4383370930,https://openalex.org/T10495,Catalysts for Methane Reforming
https://openalex.org/W4323827695,https://openalex.org/T10491,Enhanced Oil Recovery Techniques
https://openalex.org/W4323827695,https://openalex.org/T10399,Hydrocarbon exploration and reservoir analysis
https://openalex.org/W4323827695,https://openalex.org/T10635,Hydraulic Fracturing and Reservoir Analysis
https://openalex.org/W1972195990,https://openalex.org/T10045,Organic Electronics and Photovoltaics
https://openalex.org/W1972195990,https://openalex.org/T10306,Liquid Crystal Research Advancements
https://openalex.org/W1972195990,https://openalex.org/T10923,Force Microscopy Techniques and Applications
https://openalex.org/W2018730143,https://openalex.org/T11009,Catalysis for Biomass Conversion
https://openalex.org/W2018730143,https://openalex.org/T10171,Biofuel production and bioconversion
https://openalex.org/W2018730143,https://openalex.org/T10835,Carbohydrate Chemistry and Synthesis
https://openalex.org/W2132130375,https://openalex.org/T10432,DNA and Nucleic Acid Chemistry
https://openalex.org/W2132130375,https://openalex.org/T12236,Photoreceptor and optogenetics research
https://openalex.org/W2132130375,https://openalex.org/T11129,Photochemistry and Electron Transfer Studies
https://openalex.org/W2054882623,https://openalex.org/T11825,Catalysis and Oxidation Reactions
https://openalex.org/W2054882623,https://openalex.org/T11129,Photochemistry and Electron Transfer Studies
https://openalex.org/W2054882623,https://openalex.org/T10002,Advanced Chemical Physics Studies
https://openalex.org/W2888573122,https://openalex.org/T10432,DNA and Nucleic Acid Chemistry
https://openalex.org/W2888573122,https://openalex.org/T10207,Advanced biosensing and bioanalysis techniques
https://openalex.org/W2888573122,https://openalex.org/T11626,Metalloenzymes and iron-sulfur proteins
https://openalex.org/W2009444482,https://openalex.org/T11177,Spectroscopy and Quantum Chemical Studies
https://openalex.org/W2009444482,https://openalex.org/T12236,Photoreceptor and optogenetics research
https://openalex.org/W2009444482,https://openalex.org/T10913,Molecular Junctions and Nanostructures
https://openalex.org/W2016780048,https://openalex.org/T10045,Organic Electronics and Photovoltaics
https://openalex.org/W2016780048,https://openalex.org/T11277,Thermal properties of materials
https://openalex.org/W2016780048,https://openalex.org/T10377,Metal and Thin Film Mechanics
https://openalex.org/W2325015204,https://openalex.org/T11129,Photochemistry and Electron Transfer Studies
https://openalex.org/W2325015204,https://openalex.org/T13253,Chemical Reactions and Mechanisms
https://openalex.org/W2325015204,https://openalex.org/T11708,Photochromic and Fluorescence Chemistry
https://openalex.org/W2004464682,https://openalex.org/T10683,Mass Spectrometry Techniques and Applications
https://openalex.org/W2004464682,https://openalex.org/T10002,Advanced Chemical Physics Studies
https://openalex.org/W2004464682,https://openalex.org/T11177,Spectroscopy and Quantum Chemical Studies
https://openalex.org/W2899160823,https://openalex.org/T11733,X-ray Spectroscopy and Fluorescence Analysis
https://openalex.org/W2899160823,https://openalex.org/T10002,Advanced Chemical Physics Studies
https://openalex.org/W2899160823,https://openalex.org/T10566,Laser-Matter Interactions and Applications
https://openalex.org/W2069086822,https://openalex.org/T11708,Photochromic and Fluorescence Chemistry
https://openalex.org/W2069086822,https://openalex.org/T12893,Organic Chemistry Cycloaddition Reactions
https://openalex.org/W2069086822,https://openalex.org/T10903,Porphyrin and Phthalocyanine Chemistry
https://openalex.org/W2078129173,https://openalex.org/T11177,Spectroscopy and Quantum Chemical Studies
https://openalex.org/W2078129173,https://openalex.org/T10566,Laser-Matter Interactions and Applications
https://openalex.org/W2078129173,https://openalex.org/T12236,Photoreceptor and optogenetics research
https://openalex.org/W2402712585,https://openalex.org/T10491,Enhanced Oil Recovery Techniques
https://openalex.org/W2402712585,https://openalex.org/T11751,Lattice Boltzmann Simulation Studies
https://openalex.org/W2402712585,https://openalex.org/T10399,Hydrocarbon exploration and reservoir analysis
https://openalex.org/W2899217233,https://openalex.org/T10491,Enhanced Oil Recovery Techniques
https://openalex.org/W2899217233,https://openalex.org/T11630,Petroleum Processing and Analysis
https://openalex.org/W2899217233,https://openalex.org/T10721,Surfactants and Colloidal Systems
https://openalex.org/W4200553882,https://openalex.org/T10635,Hydraulic Fracturing and Reservoir Analysis
https://openalex.org/W4200553882,https://openalex.org/T10892,Drilling and Well Engineering
https://openalex.org/W4200553882,https://openalex.org/T10161,Rock Mechanics and Modeling
https://openalex.org/W2976286243,https://openalex.org/T10721,Surfactants and Colloidal Systems
https://openalex.org/W2976286243,https://openalex.org/T11630,Petroleum Processing and Analysis
https://openalex.org/W2976286243,https://openalex.org/T10491,Enhanced Oil Recovery Techniques
https://openalex.org/W1963592702,https://openalex.org/T10002,Advanced Chemical Physics Studies
https://openalex.org/W1963592702,https://openalex.org/T11111,Spectroscopy and Laser Applications
https://openalex.org/W1963592702,https://openalex.org/T11177,Spectroscopy and Quantum Chemical Studies
https://openalex.org/W2298927310,https://openalex.org/T11177,Spectroscopy and Quantum Chemical Studies
https://openalex.org/W2298927310,https://openalex.org/T10002,Advanced Chemical Physics Studies
https://openalex.org/W2298927310,https://openalex.org/T11129,Photochemistry and Electron Transfer Studies
https://openalex.org/W3137028521,https://openalex.org/T10491,Enhanced Oil Recovery Techniques
https://openalex.org/W3137028521,https://openalex.org/T11630,Petroleum Processing and Analysis
https://openalex.org/W3137028521,https://openalex.org/T10399,Hydrocarbon exploration and reservoir analysis
https://openalex.org/W3164269048,https://openalex.org/T10635,Hydraulic Fracturing and Reservoir Analysis
https://openalex.org/W3164269048,https://openalex.org/T10892,Drilling and Well Engineering
https://openalex.org/W3164269048,https://openalex.org/T11801,Reservoir Engineering and Simulation Methods
https://openalex.org/W2012291362,https://openalex.org/T10002,Advanced Chemical Physics Studies
https://openalex.org/W2012291362,https://openalex.org/T12967,Molecular Spectroscopy and Structure
https://openalex.org/W2012291362,https://openalex.org/T11298,Synthesis and Properties of Aromatic Compounds
https://openalex.org/W2889541240,https://openalex.org/T10701,Radical Photochemical Reactions
https://openalex.org/W2889541240,https://openalex.org/T12893,Organic Chemistry Cycloaddition Reactions
https://openalex.org/W2889541240,https://openalex.org/T10013,Asymmetric Synthesis and Catalysis
https://openalex.org/W3093024954,https://openalex.org/T10635,Hydraulic Fracturing and Reservoir Analysis
https://openalex.org/W3093024954,https://openalex.org/T10892,Drilling and Well Engineering
https://openalex.org/W3093024954,https://openalex.org/T10161,Rock Mechanics and Modeling
https://openalex.org/W2535696233,https://openalex.org/T10399,Hydrocarbon exploration and reservoir analysis
https://openalex.org/W2535696233,https://openalex.org/T11588,Atmospheric and Environmental Gas Dynamics
https://openalex.org/W2535696233,https://openalex.org/T11630,Petroleum Processing and Analysis
https://openalex.org/W2971154987,https://openalex.org/T10491,Enhanced Oil Recovery Techniques
https://openalex.org/W2971154987,https://openalex.org/T11630,Petroleum Processing and Analysis
https://openalex.org/W2971154987,https://openalex.org/T10399,Hydrocarbon exploration and reservoir analysis
https://openalex.org/W3083162868,https://openalex.org/T10635,Hydraulic Fracturing and Reservoir Analysis
https://openalex.org/W3083162868,https://openalex.org/T10892,Drilling and Well Engineering
https://openalex.org/W3083162868,https://openalex.org/T10161,Rock Mechanics and Modeling
https://openalex.org/W2557294649,https://openalex.org/T10075,Atmospheric chemistry and aerosols
https://openalex.org/W2557294649,https://openalex.org/T11320,Atmospheric Ozone and Climate
https://openalex.org/W2557294649,https://openalex.org/T10002,Advanced Chemical Physics Studies
https://openalex.org/W2737682044,https://openalex.org/T11129,Photochemistry and Electron Transfer Studies
https://openalex.org/W2737682044,https://openalex.org/T11111,Spectroscopy and Laser Applications
https://openalex.org/W2737682044,https://openalex.org/T11320,Atmospheric Ozone and Climate
https://openalex.org/W2765503353,https://openalex.org/T11177,Spectroscopy and Quantum Chemical Studies
https://openalex.org/W2765503353,https://openalex.org/T12236,Photoreceptor and optogenetics research
https://openalex.org/W2765503353,https://openalex.org/T11129,Photochemistry and Electron Transfer Studies
https://openalex.org/W2886669206,https://openalex.org/T12893,Organic Chemistry Cycloaddition Reactions
https://openalex.org/W2886669206,https://openalex.org/T11931,Organoselenium and organotellurium chemistry
https://openalex.org/W2886669206,https://openalex.org/T10013,Asymmetric Synthesis and Catalysis
https://openalex.org/W2102123356,https://openalex.org/T10540,Advanced Fluorescence Microscopy Techniques
https://openalex.org/W2102123356,https://openalex.org/T12236,Photoreceptor and optogenetics research
https://openalex.org/W2102123356,https://openalex.org/T10303,Photosynthetic Processes and Mechanisms
https://openalex.org/W3197787500,https://openalex.org/T10892,Drilling and Well Engineering
https://openalex.org/W3197787500,https://openalex.org/T10635,Hydraulic Fracturing and Reservoir Analysis
https://openalex.org/W3197787500,https://openalex.org/T11278,Calcium Carbonate Crystallization and Inhibition
https://openalex.org/W4226494982,https://openalex.org/T10635,Hydraulic Fracturing and Reservoir Analysis
https://openalex.org/W4226494982,https://openalex.org/T10892,Drilling and Well Engineering
https://openalex.org/W4226494982,https://openalex.org/T10399,Hydrocarbon exploration and reservoir analysis
https://openalex.org/W3015423791,https://openalex.org/T10491,Enhanced Oil Recovery Techniques
https://openalex.org/W3015423791,https://openalex.org/T11915,Pickering emulsions and particle stabilization
https://openalex.org/W3015423791,https://openalex.org/T10864,Fluid Dynamics and Mixing
https://openalex.org/W4299348145,https://openalex.org/T10324,Microbial bioremediation and biosurfactants
https://openalex.org/W4299348145,https://openalex.org/T11180,Pesticide and Herbicide Environmental Studies
https://openalex.org/W4299348145,https://openalex.org/T11791,Microbial Community Ecology and Physiology
https://openalex.org/W4317548849,https://openalex.org/T10892,Drilling and Well Engineering
https://openalex.org/W4317548849,https://openalex.org/T10635,Hydraulic Fracturing and Reservoir Analysis
https://openalex.org/W4317548849,https://openalex.org/T12482,Tunneling and Rock Mechanics
https://openalex.org/W4399363954,https://openalex.org/T10701,Radical Photochemical Reactions
https://openalex.org/W4399363954,https://openalex.org/T10354,Catalytic C–H Functionalization Methods
https://openalex.org/W4399363954,https://openalex.org/T11989,Oxidative Organic Chemistry Reactions
https://openalex.org/W4401502511,https://openalex.org/T11278,Calcium Carbonate Crystallization and Inhibition
https://openalex.org/W4401502511,https://openalex.org/T11401,Minerals Flotation and Separation Techniques
https://openalex.org/W4401502511,https://openalex.org/T11923,Mine drainage and remediation techniques
https://openalex.org/W2037754010,https://openalex.org/T10002,Advanced Chemical Physics Studies
https://openalex.org/W2037754010,https://openalex.org/T11177,Spectroscopy and Quantum Chemical Studies
https://openalex.org/W2037754010,https://openalex.org/T11129,Photochemistry and Electron Transfer Studies
https://openalex.org/W2042193664,https://openalex.org/T10683,Mass Spectrometry Techniques and Applications
https://openalex.org/W2042193664,https://openalex.org/T11177,Spectroscopy and Quantum Chemical Studies
https://openalex.org/W2042193664,https://openalex.org/T11129,Photochemistry and Electron Transfer Studies
https://openalex.org/W2190108844,https://openalex.org/T11177,Spectroscopy and Quantum Chemical Studies
https://openalex.org/W2190108844,https://openalex.org/T10002,Advanced Chemical Physics Studies
https://openalex.org/W2190108844,https://openalex.org/T11129,Photochemistry and Electron Transfer Studies
https://openalex.org/W1984868215,https://openalex.org/T12362,Tribology and Wear Analysis
https://openalex.org/W1984868215,https://openalex.org/T10377,Metal and Thin Film Mechanics
https://openalex.org/W1984868215,https://openalex.org/T10923,Force Microscopy Techniques and Applications
https://openalex.org/W2100689776,https://openalex.org/T11261,Quantum chaos and dynamical systems
https://openalex.org/W2100689776,https://openalex.org/T11520,Advanced Thermodynamics and Statistical Mechanics
https://openalex.org/W2100689776,https://openalex.org/T10622,Quantum Mechanics and Applications
https://openalex.org/W2511811544,https://openalex.org/T10002,Advanced Chemical Physics Studies
https://openalex.org/W2511811544,https://openalex.org/T11129,Photochemistry and Electron Transfer Studies
https://openalex.org/W2511811544,https://openalex.org/T11177,Spectroscopy and Quantum Chemical Studies
https://openalex.org/W1968851907,https://openalex.org/T11931,Organoselenium and organotellurium chemistry
https://openalex.org/W1968851907,https://openalex.org/T12893,Organic Chemistry Cycloaddition Reactions
https://openalex.org/W1968851907,https://openalex.org/T12189,Sulfur-Based Synthesis Techniques
https://openalex.org/W1980340344,https://openalex.org/T11931,Organoselenium and organotellurium chemistry
https://openalex.org/W1980340344,https://openalex.org/T12189,Sulfur-Based Synthesis Techniques
https://openalex.org/W1980340344,https://openalex.org/T12893,Organic Chemistry Cycloaddition Reactions
https://openalex.org/W1986005007,https://openalex.org/T10044,Protein Structure and Dynamics
https://openalex.org/W1986005007,https://openalex.org/T11177,Spectroscopy and Quantum Chemical Studies
https://openalex.org/W1986005007,https://openalex.org/T12236,Photoreceptor and optogenetics research
https://openalex.org/W2594467559,https://openalex.org/T10532,Molecular Sensors and Ion Detection
https://openalex.org/W2594467559,https://openalex.org/T10908,Analytical Chemistry and Chromatography
https://openalex.org/W2594467559,https://openalex.org/T11746,Inorganic and Organometallic Chemistry
https://openalex.org/W2153289406,https://openalex.org/T10002,Advanced Chemical Physics Studies
https://openalex.org/W2153289406,https://openalex.org/T11129,Photochemistry and Electron Transfer Studies
https://openalex.org/W2153289406,https://openalex.org/T11177,Spectroscopy and Quantum Chemical Studies
https://openalex.org/W2010273184,https://openalex.org/T11129,Photochemistry and Electron Transfer Studies
https://openalex.org/W2010273184,https://openalex.org/T10002,Advanced Chemical Physics Studies
https://openalex.org/W2010273184,https://openalex.org/T11177,Spectroscopy and Quantum Chemical Studies
https://openalex.org/W2802473351,https://openalex.org/T10324,Microbial bioremediation and biosurfactants
https://openalex.org/W2802473351,https://openalex.org/T10683,Mass Spectrometry Techniques and Applications
https://openalex.org/W2802473351,https://openalex.org/T10973,Radioactive element chemistry and processing
https://openalex.org/W2072033384,https://openalex.org/T10002,Advanced Chemical Physics Studies
https://openalex.org/W2072033384,https://openalex.org/T12893,Organic Chemistry Cycloaddition Reactions
https://openalex.org/W2072033384,https://openalex.org/T11129,Photochemistry and Electron Transfer Studies
https://openalex.org/W2594463724,https://openalex.org/T11129,Photochemistry and Electron Transfer Studies
https://openalex.org/W2594463724,https://openalex.org/T10002,Advanced Chemical Physics Studies
https://openalex.org/W2594463724,https://openalex.org/T10913,Molecular Junctions and Nanostructures
https://openalex.org/W2011053324,https://openalex.org/T13013,Free Radicals and Antioxidants
https://openalex.org/W2011053324,https://openalex.org/T11129,Photochemistry and Electron Transfer Studies
https://openalex.org/W2011053324,https://openalex.org/T10913,Molecular Junctions and Nanostructures
https://openalex.org/W2057924333,https://openalex.org/T10683,Mass Spectrometry Techniques and Applications
https://openalex.org/W2057924333,https://openalex.org/T10566,Laser-Matter Interactions and Applications
https://openalex.org/W2057924333,https://openalex.org/T10857,Advanced Electron Microscopy Techniques and Applications
https://openalex.org/W2313374161,https://openalex.org/T11177,Spectroscopy and Quantum Chemical Studies
https://openalex.org/W2313374161,https://openalex.org/T11129,Photochemistry and Electron Transfer Studies
https://openalex.org/W2313374161,https://openalex.org/T12748,Molecular spectroscopy and chirality
https://openalex.org/W2005549928,https://openalex.org/T10532,Molecular Sensors and Ion Detection
https://openalex.org/W2005549928,https://openalex.org/T11240,Luminescence and Fluorescent Materials
https://openalex.org/W2005549928,https://openalex.org/T11667,Advanced Chemical Sensor Technologies
https://openalex.org/W3170993674,https://openalex.org/T10491,Enhanced Oil Recovery Techniques
https://openalex.org/W3170993674,https://openalex.org/T10635,Hydraulic Fracturing and Reservoir Analysis
https://openalex.org/W3170993674,https://openalex.org/T10892,Drilling and Well Engineering
https://openalex.org/W3212161832,https://openalex.org/T11643,Building materials and conservation
https://openalex.org/W3212161832,https://openalex.org/T10161,Rock Mechanics and Modeling
https://openalex.org/W3212161832,https://openalex.org/T10033,Concrete and Cement Materials Research
https://openalex.org/W2785444186,https://openalex.org/T11129,Photochemistry and Electron Transfer Studies
https://openalex.org/W2785444186,https://openalex.org/T11177,Spectroscopy and Quantum Chemical Studies
https://openalex.org/W2785444186,https://openalex.org/T12236,Photoreceptor and optogenetics research
https://openalex.org/W2896046352,https://openalex.org/T11129,Photochemistry and Electron Transfer Studies
https://openalex.org/W2896046352,https://openalex.org/T10002,Advanced Chemical Physics Studies
https://openalex.org/W2896046352,https://openalex.org/T11320,Atmospheric Ozone and Climate
https://openalex.org/W2114529775,https://openalex.org/T10701,Radical Photochemical Reactions
https://openalex.org/W2114529775,https://openalex.org/T11129,Photochemistry and Electron Transfer Studies
https://openalex.org/W2114529775,https://openalex.org/T10002,Advanced Chemical Physics Studies
https://openalex.org/W4312220303,https://openalex.org/T12774,Bauxite Residue and Utilization
https://openalex.org/W4312220303,https://openalex.org/T10892,Drilling and Well Engineering
https://openalex.org/W4312220303,https://openalex.org/T13596,"Grouting, Rheology, and Soil Mechanics"
https://openalex.org/W4321611009,https://openalex.org/T10635,Hydraulic Fracturing and Reservoir Analysis
https://openalex.org/W4321611009,https://openalex.org/T10892,Drilling and Well Engineering
https://openalex.org/W4321611009,https://openalex.org/T10491,Enhanced Oil Recovery Techniques
https://openalex.org/W2944006571,https://openalex.org/T11708,Photochromic and Fluorescence Chemistry
https://openalex.org/W2944006571,https://openalex.org/T12236,Photoreceptor and optogenetics research
https://openalex.org/W2944006571,https://openalex.org/T11298,Synthesis and Properties of Aromatic Compounds
https://openalex.org/W2886640288,https://openalex.org/T12236,Photoreceptor and optogenetics research
https://openalex.org/W2886640288,https://openalex.org/T11177,Spectroscopy and Quantum Chemical Studies
https://openalex.org/W2886640288,https://openalex.org/T11129,Photochemistry and Electron Transfer Studies
https://openalex.org/W2895541347,https://openalex.org/T10399,Hydrocarbon exploration and reservoir analysis
https://openalex.org/W2895541347,https://openalex.org/T10491,Enhanced Oil Recovery Techniques
https://openalex.org/W2895541347,https://openalex.org/T11630,Petroleum Processing and Analysis
https://openalex.org/W3128211510,https://openalex.org/T10017,Geology and Paleoclimatology Research
https://openalex.org/W3128211510,https://openalex.org/T10995,Methane Hydrates and Related Phenomena
https://openalex.org/W3128211510,https://openalex.org/T11609,Geophysical Methods and Applications
https://openalex.org/W3092498621,https://openalex.org/T11630,Petroleum Processing and Analysis
https://openalex.org/W3092498621,https://openalex.org/T10399,Hydrocarbon exploration and reservoir analysis
https://openalex.org/W3092498621,https://openalex.org/T10491,Enhanced Oil Recovery Techniques
https://openalex.org/W3164237075,https://openalex.org/T10013,Asymmetric Synthesis and Catalysis
https://openalex.org/W3164237075,https://openalex.org/T13124,Chemical synthesis and alkaloids
https://openalex.org/W3164237075,https://openalex.org/T11340,Marine Sponges and Natural Products
https://openalex.org/W3211211411,https://openalex.org/T10002,Advanced Chemical Physics Studies
https://openalex.org/W3211211411,https://openalex.org/T11177,Spectroscopy and Quantum Chemical Studies
https://openalex.org/W3211211411,https://openalex.org/T10075,Atmospheric chemistry and aerosols
https://openalex.org/W4212864096,https://openalex.org/T10635,Hydraulic Fracturing and Reservoir Analysis
https://openalex.org/W4212864096,https://openalex.org/T10892,Drilling and Well Engineering
https://openalex.org/W4212864096,https://openalex.org/T10161,Rock Mechanics and Modeling
https://openalex.org/W4384207547,https://openalex.org/T10161,Rock Mechanics and Modeling
https://openalex.org/W4384207547,https://openalex.org/T10892,Drilling and Well Engineering
https://openalex.org/W4384207547,https://openalex.org/T10635,Hydraulic Fracturing and Reservoir Analysis
https://openalex.org/W4386423732,https://openalex.org/T11177,Spectroscopy and Quantum Chemical Studies
https://openalex.org/W4386423732,https://openalex.org/T10303,Photosynthetic Processes and Mechanisms
https://openalex.org/W4386423732,https://openalex.org/T10002,Advanced Chemical Physics Studies
https://openalex.org/W4391220132,https://openalex.org/T11630,Petroleum Processing and Analysis
https://openalex.org/W4391220132,https://openalex.org/T11177,Spectroscopy and Quantum Chemical Studies
https://openalex.org/W4391220132,https://openalex.org/T10399,Hydrocarbon exploration and reservoir analysis
https://openalex.org/W4387470844,https://openalex.org/T10892,Drilling and Well Engineering
https://openalex.org/W4387470844,https://openalex.org/T10161,Rock Mechanics and Modeling
https://openalex.org/W4387470844,https://openalex.org/T10635,Hydraulic Fracturing and Reservoir Analysis
https://openalex.org/W4392918132,https://openalex.org/T10635,Hydraulic Fracturing and Reservoir Analysis
https://openalex.org/W4392918132,https://openalex.org/T10892,Drilling and Well Engineering
https://openalex.org/W4392918132,https://openalex.org/T10161,Rock Mechanics and Modeling
https://openalex.org/W2034127771,https://openalex.org/T10407,Lipid Membrane Structure and Behavior
https://openalex.org/W2034127771,https://openalex.org/T10923,Force Microscopy Techniques and Applications
https://openalex.org/W2034127771,https://openalex.org/T10306,Liquid Crystal Research Advancements
https://openalex.org/W1975865146,https://openalex.org/T10683,Mass Spectrometry Techniques and Applications
https://openalex.org/W1975865146,https://openalex.org/T12191,Chemical Reaction Mechanisms
https://openalex.org/W1975865146,https://openalex.org/T10908,Analytical Chemistry and Chromatography
https://openalex.org/W2018564221,https://openalex.org/T10611,Organic Light-Emitting Diodes Research
https://openalex.org/W2018564221,https://openalex.org/T11129,Photochemistry and Electron Transfer Studies
https://openalex.org/W2018564221,https://openalex.org/T10660,Conducting polymers and applications
https://openalex.org/W2070937232,https://openalex.org/T12893,Organic Chemistry Cycloaddition Reactions
https://openalex.org/W2070937232,https://openalex.org/T13304,Synthesis and Reactivity of Sulfur-Containing Compounds
https://openalex.org/W2070937232,https://openalex.org/T12251,Synthesis and Catalytic Reactions
https://openalex.org/W2415178457,https://openalex.org/T11129,Photochemistry and Electron Transfer Studies
https://openalex.org/W2415178457,https://openalex.org/T13253,Chemical Reactions and Mechanisms
https://openalex.org/W2415178457,https://openalex.org/T10956,Fullerene Chemistry and Applications
https://openalex.org/W1988080989,https://openalex.org/T11320,Atmospheric Ozone and Climate
https://openalex.org/W1988080989,https://openalex.org/T10075,Atmospheric chemistry and aerosols
https://openalex.org/W1988080989,https://openalex.org/T11111,Spectroscopy and Laser Applications
https://openalex.org/W2037527173,https://openalex.org/T11129,Photochemistry and Electron Transfer Studies
https://openalex.org/W2037527173,https://openalex.org/T12236,Photoreceptor and optogenetics research
https://openalex.org/W2037527173,https://openalex.org/T11708,Photochromic and Fluorescence Chemistry
https://openalex.org/W2898842379,https://openalex.org/T11177,Spectroscopy and Quantum Chemical Studies
https://openalex.org/W2898842379,https://openalex.org/T10566,Laser-Matter Interactions and Applications
https://openalex.org/W2898842379,https://openalex.org/T11129,Photochemistry and Electron Transfer Studies
https://openalex.org/W3042267302,https://openalex.org/T10721,Surfactants and Colloidal Systems
https://openalex.org/W3042267302,https://openalex.org/T11630,Petroleum Processing and Analysis
https://openalex.org/W3042267302,https://openalex.org/T10491,Enhanced Oil Recovery Techniques
https://openalex.org/W2965119635,https://openalex.org/T11177,Spectroscopy and Quantum Chemical Studies
https://openalex.org/W2965119635,https://openalex.org/T11630,Petroleum Processing and Analysis
https://openalex.org/W2965119635,https://openalex.org/T10721,Surfactants and Colloidal Systems
https://openalex.org/W2324093257,https://openalex.org/T10044,Protein Structure and Dynamics
https://openalex.org/W2324093257,https://openalex.org/T10211,Computational Drug Discovery Methods
https://openalex.org/W2324093257,https://openalex.org/T10683,Mass Spectrometry Techniques and Applications
https://openalex.org/W2912747699,https://openalex.org/T10002,Advanced Chemical Physics Studies
https://openalex.org/W2912747699,https://openalex.org/T11177,Spectroscopy and Quantum Chemical Studies
https://openalex.org/W2912747699,https://openalex.org/T11129,Photochemistry and Electron Transfer Studies
https://openalex.org/W2983973622,https://openalex.org/T10491,Enhanced Oil Recovery Techniques
https://openalex.org/W2983973622,https://openalex.org/T11630,Petroleum Processing and Analysis
https://openalex.org/W2983973622,https://openalex.org/T10635,Hydraulic Fracturing and Reservoir Analysis
https://openalex.org/W3119223630,https://openalex.org/T10399,Hydrocarbon exploration and reservoir analysis
https://openalex.org/W3119223630,https://openalex.org/T11302,CO2 Sequestration and Geologic Interactions
https://openalex.org/W3119223630,https://openalex.org/T10109,Paleontology and Stratigraphy of Fossils
https://openalex.org/W3035985717,https://openalex.org/T11630,Petroleum Processing and Analysis
https://openalex.org/W3035985717,https://openalex.org/T10491,Enhanced Oil Recovery Techniques
https://openalex.org/W3035985717,https://openalex.org/T10399,Hydrocarbon exploration and reservoir analysis
https://openalex.org/W4200054012,https://openalex.org/T10635,Hydraulic Fracturing and Reservoir Analysis
https://openalex.org/W4200054012,https://openalex.org/T10894,Groundwater flow and contamination studies
https://openalex.org/W4200054012,https://openalex.org/T10161,Rock Mechanics and Modeling
https://openalex.org/W3199949428,https://openalex.org/T11177,Spectroscopy and Quantum Chemical Studies
https://openalex.org/W3199949428,https://openalex.org/T11129,Photochemistry and Electron Transfer Studies
https://openalex.org/W3199949428,https://openalex.org/T12236,Photoreceptor and optogenetics research
https://openalex.org/W3213237785,https://openalex.org/T10892,Drilling and Well Engineering
https://openalex.org/W3213237785,https://openalex.org/T10635,Hydraulic Fracturing and Reservoir Analysis
https://openalex.org/W3213237785,https://openalex.org/T13050,Oil and Gas Production Techniques
https://openalex.org/W4282022852,https://openalex.org/T10635,Hydraulic Fracturing and Reservoir Analysis
https://openalex.org/W4282022852,https://openalex.org/T11923,Mine drainage and remediation techniques
https://openalex.org/W4282022852,https://openalex.org/T10894,Groundwater flow and contamination studies
https://openalex.org/W4360985713,https://openalex.org/T10635,Hydraulic Fracturing and Reservoir Analysis
https://openalex.org/W4360985713,https://openalex.org/T10033,Concrete and Cement Materials Research
https://openalex.org/W4360985713,https://openalex.org/T11302,CO2 Sequestration and Geologic Interactions
https://openalex.org/W2802259486,https://openalex.org/T10913,Molecular Junctions and Nanostructures
https://openalex.org/W2802259486,https://openalex.org/T11025,Nonlinear Optical Materials Research
https://openalex.org/W2802259486,https://openalex.org/T10045,Organic Electronics and Photovoltaics
https://openalex.org/W2886306437,https://openalex.org/T10002,Advanced Chemical Physics Studies
https://openalex.org/W2886306437,https://openalex.org/T12967,Molecular Spectroscopy and Structure
https://openalex.org/W2886306437,https://openalex.org/T11111,Spectroscopy and Laser Applications
https://openalex.org/W4377030326,https://openalex.org/T10491,Enhanced Oil Recovery Techniques
https://openalex.org/W4377030326,https://openalex.org/T11630,Petroleum Processing and Analysis
https://openalex.org/W4377030326,https://openalex.org/T10399,Hydrocarbon exploration and reservoir analysis
https://openalex.org/W2606807413,https://openalex.org/T11129,Photochemistry and Electron Transfer Studies
https://openalex.org/W2606807413,https://openalex.org/T10002,Advanced Chemical Physics Studies
https://openalex.org/W2606807413,https://openalex.org/T10566,Laser-Matter Interactions and Applications
https://openalex.org/W2898150319,https://openalex.org/T11129,Photochemistry and Electron Transfer Studies
https://openalex.org/W2898150319,https://openalex.org/T10002,Advanced Chemical Physics Studies
https://openalex.org/W2898150319,https://openalex.org/T12893,Organic Chemistry Cycloaddition Reactions
https://openalex.org/W4381618930,https://openalex.org/T10491,Enhanced Oil Recovery Techniques
https://openalex.org/W4381618930,https://openalex.org/T10892,Drilling and Well Engineering
https://openalex.org/W4381618930,https://openalex.org/T10635,Hydraulic Fracturing and Reservoir Analysis
https://openalex.org/W4386246913,https://openalex.org/T10892,Drilling and Well Engineering
https://openalex.org/W4386246913,https://openalex.org/T10635,Hydraulic Fracturing and Reservoir Analysis
https://openalex.org/W4386246913,https://openalex.org/T10491,Enhanced Oil Recovery Techniques
https://openalex.org/W4406386954,https://openalex.org/T11162,Enzyme Structure and Function
https://openalex.org/W4406386954,https://openalex.org/T10857,Advanced Electron Microscopy Techniques and Applications
https://openalex.org/W4406386954,https://openalex.org/T10683,Mass Spectrometry Techniques and Applications
https://openalex.org/W4388485681,https://openalex.org/T11630,Petroleum Processing and Analysis
https://openalex.org/W4388485681,https://openalex.org/T10491,Enhanced Oil Recovery Techniques
https://openalex.org/W4388485681,https://openalex.org/T11557,Lubricants and Their Additives
https://openalex.org/W4404599349,https://openalex.org/T11177,Spectroscopy and Quantum Chemical Studies
https://openalex.org/W4404599349,https://openalex.org/T11434,Electrochemical Analysis and Applications
https://openalex.org/W4404599349,https://openalex.org/T12202,nanoparticles nucleation surface interactions
https://openalex.org/W4411164389,https://openalex.org/T10721,Surfactants and Colloidal Systems
https://openalex.org/W4411164389,https://openalex.org/T10908,Analytical Chemistry and Chromatography
https://openalex.org/W4411164389,https://openalex.org/T10683,Mass Spectrometry Techniques and Applications
https://openalex.org/W2021243962,https://openalex.org/T10807,Synthesis and characterization of novel inorganic/organometallic compounds
https://openalex.org/W2021243962,https://openalex.org/T11790,N-Heterocyclic Carbenes in Organic and Inorganic Chemistry
https://openalex.org/W2021243962,https://openalex.org/T11748,Organophosphorus compounds synthesis
https://openalex.org/W2055752132,https://openalex.org/T10002,Advanced Chemical Physics Studies
https://openalex.org/W2055752132,https://openalex.org/T12191,Chemical Reaction Mechanisms
https://openalex.org/W2055752132,https://openalex.org/T10913,Molecular Junctions and Nanostructures
https://openalex.org/W1978212065,https://openalex.org/T10683,Mass Spectrometry Techniques and Applications
https://openalex.org/W1978212065,https://openalex.org/T10002,Advanced Chemical Physics Studies
https://openalex.org/W1978212065,https://openalex.org/T10523,Atomic and Molecular Physics
https://openalex.org/W2139367368,https://openalex.org/T11177,Spectroscopy and Quantum Chemical Studies
https://openalex.org/W2139367368,https://openalex.org/T10908,Analytical Chemistry and Chromatography
https://openalex.org/W2139367368,https://openalex.org/T11129,Photochemistry and Electron Transfer Studies
https://openalex.org/W1997941880,https://openalex.org/T10807,Synthesis and characterization of novel inorganic/organometallic compounds
https://openalex.org/W1997941880,https://openalex.org/T11441,Organoboron and organosilicon chemistry
https://openalex.org/W1997941880,https://openalex.org/T10013,Asymmetric Synthesis and Catalysis
https://openalex.org/W2031822478,https://openalex.org/T10002,Advanced Chemical Physics Studies
https://openalex.org/W2031822478,https://openalex.org/T11177,Spectroscopy and Quantum Chemical Studies
https://openalex.org/W2031822478,https://openalex.org/T12967,Molecular Spectroscopy and Structure
https://openalex.org/W2033967819,https://openalex.org/T11298,Synthesis and Properties of Aromatic Compounds
https://openalex.org/W2033967819,https://openalex.org/T12191,Chemical Reaction Mechanisms
https://openalex.org/W2033967819,https://openalex.org/T10002,Advanced Chemical Physics Studies
https://openalex.org/W1977517571,https://openalex.org/T10002,Advanced Chemical Physics Studies
https://openalex.org/W1977517571,https://openalex.org/T10075,Atmospheric chemistry and aerosols
https://openalex.org/W1977517571,https://openalex.org/T11129,Photochemistry and Electron Transfer Studies
https://openalex.org/W2068374818,https://openalex.org/T12191,Chemical Reaction Mechanisms
https://openalex.org/W2068374818,https://openalex.org/T10913,Molecular Junctions and Nanostructures
https://openalex.org/W2068374818,https://openalex.org/T12189,Sulfur-Based Synthesis Techniques
https://openalex.org/W1964617564,https://openalex.org/T10903,Porphyrin and Phthalocyanine Chemistry
https://openalex.org/W1964617564,https://openalex.org/T11129,Photochemistry and Electron Transfer Studies
https://openalex.org/W1964617564,https://openalex.org/T11240,Luminescence and Fluorescent Materials
https://openalex.org/W1998427523,https://openalex.org/T11177,Spectroscopy and Quantum Chemical Studies
https://openalex.org/W1998427523,https://openalex.org/T11129,Photochemistry and Electron Transfer Studies
https://openalex.org/W1998427523,https://openalex.org/T10002,Advanced Chemical Physics Studies
https://openalex.org/W2025583654,https://openalex.org/T10002,Advanced Chemical Physics Studies
https://openalex.org/W2025583654,https://openalex.org/T10683,Mass Spectrometry Techniques and Applications
https://openalex.org/W2025583654,https://openalex.org/T12967,Molecular Spectroscopy and Structure
https://openalex.org/W2135377985,https://openalex.org/T11931,Organoselenium and organotellurium chemistry
https://openalex.org/W2135377985,https://openalex.org/T12893,Organic Chemistry Cycloaddition Reactions
https://openalex.org/W2135377985,https://openalex.org/T12967,Molecular Spectroscopy and Structure
https://openalex.org/W2090444359,https://openalex.org/T12191,Chemical Reaction Mechanisms
https://openalex.org/W2090444359,https://openalex.org/T10798,Crystallography and molecular interactions
https://openalex.org/W2090444359,https://openalex.org/T12852,Chemical Thermodynamics and Molecular Structure
https://openalex.org/W1988612437,https://openalex.org/T10683,Mass Spectrometry Techniques and Applications
https://openalex.org/W1988612437,https://openalex.org/T12166,Ion-surface interactions and analysis
https://openalex.org/W1988612437,https://openalex.org/T10180,Analytical chemistry methods development
https://openalex.org/W2071730989,https://openalex.org/T10399,Hydrocarbon exploration and reservoir analysis
https://openalex.org/W2071730989,https://openalex.org/T11801,Reservoir Engineering and Simulation Methods
https://openalex.org/W2071730989,https://openalex.org/T10635,Hydraulic Fracturing and Reservoir Analysis
https://openalex.org/W2518184453,https://openalex.org/T10002,Advanced Chemical Physics Studies
https://openalex.org/W2518184453,https://openalex.org/T11129,Photochemistry and Electron Transfer Studies
https://openalex.org/W2518184453,https://openalex.org/T11177,Spectroscopy and Quantum Chemical Studies
https://openalex.org/W2759916886,https://openalex.org/T11630,Petroleum Processing and Analysis
https://openalex.org/W2759916886,https://openalex.org/T10491,Enhanced Oil Recovery Techniques
https://openalex.org/W2759916886,https://openalex.org/T10399,Hydrocarbon exploration and reservoir analysis
https://openalex.org/W2898280521,https://openalex.org/T11320,Atmospheric Ozone and Climate
https://openalex.org/W2898280521,https://openalex.org/T10075,Atmospheric chemistry and aerosols
https://openalex.org/W2898280521,https://openalex.org/T10002,Advanced Chemical Physics Studies
https://openalex.org/W3000466462,https://openalex.org/T11177,Spectroscopy and Quantum Chemical Studies
https://openalex.org/W3000466462,https://openalex.org/T10721,Surfactants and Colloidal Systems
https://openalex.org/W3000466462,https://openalex.org/T10491,Enhanced Oil Recovery Techniques
https://openalex.org/W4245416958,https://openalex.org/T14164,Marine and Offshore Engineering Studies
https://openalex.org/W4245416958,https://openalex.org/T12971,Material Properties and Processing
https://openalex.org/W2888555843,https://openalex.org/T10923,Force Microscopy Techniques and Applications
https://openalex.org/W2888555843,https://openalex.org/T10566,Laser-Matter Interactions and Applications
https://openalex.org/W2888555843,https://openalex.org/T11177,Spectroscopy and Quantum Chemical Studies
https://openalex.org/W2168247596,https://openalex.org/T11302,CO2 Sequestration and Geologic Interactions
https://openalex.org/W2168247596,https://openalex.org/T10995,Methane Hydrates and Related Phenomena
https://openalex.org/W2168247596,https://openalex.org/T10413,High-pressure geophysics and materials
https://openalex.org/W2884184946,https://openalex.org/T10903,Porphyrin and Phthalocyanine Chemistry
https://openalex.org/W2884184946,https://openalex.org/T11240,Luminescence and Fluorescent Materials
https://openalex.org/W2884184946,https://openalex.org/T11129,Photochemistry and Electron Transfer Studies
https://openalex.org/W2906424546,https://openalex.org/T11177,Spectroscopy and Quantum Chemical Studies
https://openalex.org/W2906424546,https://openalex.org/T11111,Spectroscopy and Laser Applications
https://openalex.org/W2906424546,https://openalex.org/T10002,Advanced Chemical Physics Studies
https://openalex.org/W2029476873,https://openalex.org/T13639,Paraquat toxicity studies and treatments
https://openalex.org/W2029476873,https://openalex.org/T11709,Traditional Chinese Medicine Analysis
https://openalex.org/W2029476873,https://openalex.org/T11889,Ginseng Biological Effects and Applications
https://openalex.org/W2064830807,https://openalex.org/T10399,Hydrocarbon exploration and reservoir analysis
https://openalex.org/W2064830807,https://openalex.org/T10491,Enhanced Oil Recovery Techniques
https://openalex.org/W2064830807,https://openalex.org/T11801,Reservoir Engineering and Simulation Methods
https://openalex.org/W2973824089,https://openalex.org/T11708,Photochromic and Fluorescence Chemistry
https://openalex.org/W2973824089,https://openalex.org/T11298,Synthesis and Properties of Aromatic Compounds
https://openalex.org/W2973824089,https://openalex.org/T12236,Photoreceptor and optogenetics research
https://openalex.org/W4206462952,https://openalex.org/T10075,Atmospheric chemistry and aerosols
https://openalex.org/W4206462952,https://openalex.org/T11320,Atmospheric Ozone and Climate
https://openalex.org/W4206462952,https://openalex.org/T10002,Advanced Chemical Physics Studies
https://openalex.org/W3115334359,https://openalex.org/T10491,Enhanced Oil Recovery Techniques
https://openalex.org/W3115334359,https://openalex.org/T10399,Hydrocarbon exploration and reservoir analysis
https://openalex.org/W3115334359,https://openalex.org/T11630,Petroleum Processing and Analysis
https://openalex.org/W3161116124,https://openalex.org/T11708,Photochromic and Fluorescence Chemistry
https://openalex.org/W3161116124,https://openalex.org/T11989,Oxidative Organic Chemistry Reactions
https://openalex.org/W3161116124,https://openalex.org/T10701,Radical Photochemical Reactions
https://openalex.org/W4214549788,https://openalex.org/T11320,Atmospheric Ozone and Climate
https://openalex.org/W4214549788,https://openalex.org/T10075,Atmospheric chemistry and aerosols
https://openalex.org/W4214549788,https://openalex.org/T11111,Spectroscopy and Laser Applications
https://openalex.org/W4289544603,https://openalex.org/T11401,Minerals Flotation and Separation Techniques
https://openalex.org/W4289544603,https://openalex.org/T12282,Mineral Processing and Grinding
https://openalex.org/W4289544603,https://openalex.org/T11126,Metallurgical Processes and Thermodynamics
https://openalex.org/W4320035784,https://openalex.org/T10310,Corrosion Behavior and Inhibition
https://openalex.org/W4320035784,https://openalex.org/T10736,Hydrogen embrittlement and corrosion behaviors in metals
https://openalex.org/W4320035784,https://openalex.org/T10892,Drilling and Well Engineering
https://openalex.org/W2066356775,https://openalex.org/T10399,Hydrocarbon exploration and reservoir analysis
https://openalex.org/W2066356775,https://openalex.org/T10491,Enhanced Oil Recovery Techniques
https://openalex.org/W2066356775,https://openalex.org/T11801,Reservoir Engineering and Simulation Methods
https://openalex.org/W2156550661,https://openalex.org/T11177,Spectroscopy and Quantum Chemical Studies
https://openalex.org/W2156550661,https://openalex.org/T10002,Advanced Chemical Physics Studies
https://openalex.org/W2156550661,https://openalex.org/T12236,Photoreceptor and optogenetics research
https://openalex.org/W4379280029,https://openalex.org/T10892,Drilling and Well Engineering
https://openalex.org/W4379280029,https://openalex.org/T10635,Hydraulic Fracturing and Reservoir Analysis
https://openalex.org/W4379280029,https://openalex.org/T12482,Tunneling and Rock Mechanics
https://openalex.org/W2156187131,https://openalex.org/T10683,Mass Spectrometry Techniques and Applications
https://openalex.org/W2156187131,https://openalex.org/T10002,Advanced Chemical Physics Studies
https://openalex.org/W2156187131,https://openalex.org/T10908,Analytical Chemistry and Chromatography
https://openalex.org/W2514172895,https://openalex.org/T10491,Enhanced Oil Recovery Techniques
https://openalex.org/W2514172895,https://openalex.org/T10399,Hydrocarbon exploration and reservoir analysis
https://openalex.org/W2514172895,https://openalex.org/T10635,Hydraulic Fracturing and Reservoir Analysis
https://openalex.org/W3194471172,https://openalex.org/T10399,Hydrocarbon exploration and reservoir analysis
https://openalex.org/W3194471172,https://openalex.org/T11630,Petroleum Processing and Analysis
https://openalex.org/W3194471172,https://openalex.org/T10491,Enhanced Oil Recovery Techniques
https://openalex.org/W3159287057,https://openalex.org/T10701,Radical Photochemical Reactions
https://openalex.org/W3159287057,https://openalex.org/T11240,Luminescence and Fluorescent Materials
https://openalex.org/W3159287057,https://openalex.org/T11708,Photochromic and Fluorescence Chemistry
https://openalex.org/W4297918878,https://openalex.org/T11630,Petroleum Processing and Analysis
https://openalex.org/W4297918878,https://openalex.org/T10491,Enhanced Oil Recovery Techniques
https://openalex.org/W4297918878,https://openalex.org/T11842,Ultrasound and Cavitation Phenomena
https://openalex.org/W61413723,https://openalex.org/T10683,Mass Spectrometry Techniques and Applications
https://openalex.org/W61413723,https://openalex.org/T10002,Advanced Chemical Physics Studies
https://openalex.org/W61413723,https://openalex.org/T11129,Photochemistry and Electron Transfer Studies
https://openalex.org/W3005473860,https://openalex.org/T13013,Free Radicals and Antioxidants
https://openalex.org/W3005473860,https://openalex.org/T11129,Photochemistry and Electron Transfer Studies
https://openalex.org/W3005473860,https://openalex.org/T11825,Catalysis and Oxidation Reactions
https://openalex.org/W3086680791,https://openalex.org/T10399,Hydrocarbon exploration and reservoir analysis
https://openalex.org/W3086680791,https://openalex.org/T11630,Petroleum Processing and Analysis
https://openalex.org/W3086680791,https://openalex.org/T12157,Geochemistry and Geologic Mapping
https://openalex.org/W3164356412,https://openalex.org/T10721,Surfactants and Colloidal Systems
https://openalex.org/W3164356412,https://openalex.org/T11379,Rheology and Fluid Dynamics Studies
https://openalex.org/W3164356412,https://openalex.org/T10474,Material Dynamics and Properties
https://openalex.org/W4214492443,https://openalex.org/T10271,Seismic Imaging and Inversion Techniques
https://openalex.org/W4214492443,https://openalex.org/T10161,Rock Mechanics and Modeling
https://openalex.org/W4214492443,https://openalex.org/T10892,Drilling and Well Engineering
https://openalex.org/W4378230836,https://openalex.org/T10635,Hydraulic Fracturing and Reservoir Analysis
https://openalex.org/W4378230836,https://openalex.org/T10892,Drilling and Well Engineering
https://openalex.org/W4378230836,https://openalex.org/T13050,Oil and Gas Production Techniques
https://openalex.org/W4392187452,https://openalex.org/T12774,Bauxite Residue and Utilization
https://openalex.org/W4392187452,https://openalex.org/T10033,Concrete and Cement Materials Research
https://openalex.org/W4392187452,https://openalex.org/T11401,Minerals Flotation and Separation Techniques
https://openalex.org/W4403024797,https://openalex.org/T12425,Industrial Gas Emission Control
https://openalex.org/W4403024797,https://openalex.org/T10192,Catalytic Processes in Materials Science
https://openalex.org/W4403024797,https://openalex.org/T10995,Methane Hydrates and Related Phenomena
https://openalex.org/W4406913825,https://openalex.org/T10721,Surfactants and Colloidal Systems
https://openalex.org/W4406913825,https://openalex.org/T10405,Advanced Polymer Synthesis and Characterization
https://openalex.org/W4406913825,https://openalex.org/T11686,Dendrimers and Hyperbranched Polymers
https://openalex.org/W4410767170,https://openalex.org/T11177,Spectroscopy and Quantum Chemical Studies
https://openalex.org/W4410767170,https://openalex.org/T10721,Surfactants and Colloidal Systems
https://openalex.org/W4410767170,https://openalex.org/T10491,Enhanced Oil Recovery Techniques
https://openalex.org/W4413195872,https://openalex.org/T11379,Rheology and Fluid Dynamics Studies
https://openalex.org/W4413195872,https://openalex.org/T10661,biodegradable polymer synthesis and properties
https://openalex.org/W4413195872,https://openalex.org/T10389,Polymer crystallization and properties
https://openalex.org/W2036453464,https://openalex.org/T10807,Synthesis and characterization of novel inorganic/organometallic compounds
https://openalex.org/W2036453464,https://openalex.org/T11441,Organoboron and organosilicon chemistry
https://openalex.org/W2036453464,https://openalex.org/T10002,Advanced Chemical Physics Studies
https://openalex.org/W1998415064,https://openalex.org/T11931,Organoselenium and organotellurium chemistry
https://openalex.org/W1998415064,https://openalex.org/T12410,Structural and Chemical Analysis of Organic and Inorganic Compounds
https://openalex.org/W1998415064,https://openalex.org/T12191,Chemical Reaction Mechanisms
https://openalex.org/W1995614298,https://openalex.org/T10798,Crystallography and molecular interactions
https://openalex.org/W1995614298,https://openalex.org/T12893,Organic Chemistry Cycloaddition Reactions
https://openalex.org/W1995614298,https://openalex.org/T11878,Solid-state spectroscopy and crystallography
https://openalex.org/W2077416608,https://openalex.org/T10002,Advanced Chemical Physics Studies
https://openalex.org/W2077416608,https://openalex.org/T11177,Spectroscopy and Quantum Chemical Studies
https://openalex.org/W2077416608,https://openalex.org/T10425,Cold Atom Physics and Bose-Einstein Condensates
https://openalex.org/W2141520212,https://openalex.org/T10798,Crystallography and molecular interactions
https://openalex.org/W2141520212,https://openalex.org/T12893,Organic Chemistry Cycloaddition Reactions
https://openalex.org/W2141520212,https://openalex.org/T10002,Advanced Chemical Physics Studies
https://openalex.org/W2169821460,https://openalex.org/T12191,Chemical Reaction Mechanisms
https://openalex.org/W2169821460,https://openalex.org/T10913,Molecular Junctions and Nanostructures
https://openalex.org/W2169821460,https://openalex.org/T10683,Mass Spectrometry Techniques and Applications
https://openalex.org/W2062628138,https://openalex.org/T11129,Photochemistry and Electron Transfer Studies
https://openalex.org/W2062628138,https://openalex.org/T13253,Chemical Reactions and Mechanisms
https://openalex.org/W2062628138,https://openalex.org/T10002,Advanced Chemical Physics Studies
https://openalex.org/W1969257169,https://openalex.org/T10002,Advanced Chemical Physics Studies
https://openalex.org/W1969257169,https://openalex.org/T11129,Photochemistry and Electron Transfer Studies
https://openalex.org/W1969257169,https://openalex.org/T10075,Atmospheric chemistry and aerosols
https://openalex.org/W2042949717,https://openalex.org/T10002,Advanced Chemical Physics Studies
https://openalex.org/W2042949717,https://openalex.org/T10683,Mass Spectrometry Techniques and Applications
https://openalex.org/W2042949717,https://openalex.org/T11177,Spectroscopy and Quantum Chemical Studies
https://openalex.org/W2038239127,https://openalex.org/T11748,Organophosphorus compounds synthesis
https://openalex.org/W2038239127,https://openalex.org/T13239,Phosphorus compounds and reactions
https://openalex.org/W2038239127,https://openalex.org/T12191,Chemical Reaction Mechanisms
https://openalex.org/W2163967700,https://openalex.org/T10911,Chemical Synthesis and Analysis
https://openalex.org/W2163967700,https://openalex.org/T10835,Carbohydrate Chemistry and Synthesis
https://openalex.org/W2163967700,https://openalex.org/T11103,Antimicrobial Peptides and Activities
https://openalex.org/W2331849220,https://openalex.org/T11129,Photochemistry and Electron Transfer Studies
https://openalex.org/W2331849220,https://openalex.org/T10002,Advanced Chemical Physics Studies
https://openalex.org/W2331849220,https://openalex.org/T11177,Spectroscopy and Quantum Chemical Studies
https://openalex.org/W2558788473,https://openalex.org/T11177,Spectroscopy and Quantum Chemical Studies
https://openalex.org/W2558788473,https://openalex.org/T11111,Spectroscopy and Laser Applications
https://openalex.org/W2558788473,https://openalex.org/T10425,Cold Atom Physics and Bose-Einstein Condensates
https://openalex.org/W1973250528,https://openalex.org/T10911,Chemical Synthesis and Analysis
https://openalex.org/W1973250528,https://openalex.org/T11281,Asymmetric Hydrogenation and Catalysis
https://openalex.org/W1973250528,https://openalex.org/T10354,Catalytic C–H Functionalization Methods
https://openalex.org/W2010064340,https://openalex.org/T10399,Hydrocarbon exploration and reservoir analysis
https://openalex.org/W2010064340,https://openalex.org/T10491,Enhanced Oil Recovery Techniques
https://openalex.org/W2010064340,https://openalex.org/T10635,Hydraulic Fracturing and Reservoir Analysis
https://openalex.org/W2936687364,https://openalex.org/T10002,Advanced Chemical Physics Studies
https://openalex.org/W2936687364,https://openalex.org/T11177,Spectroscopy and Quantum Chemical Studies
https://openalex.org/W2936687364,https://openalex.org/T10683,Mass Spectrometry Techniques and Applications
https://openalex.org/W4238691384,https://openalex.org/T11708,Photochromic and Fluorescence Chemistry
https://openalex.org/W4238691384,https://openalex.org/T12893,Organic Chemistry Cycloaddition Reactions
https://openalex.org/W4238691384,https://openalex.org/T10701,Radical Photochemical Reactions
https://openalex.org/W4239987832,https://openalex.org/T11931,Organoselenium and organotellurium chemistry
https://openalex.org/W4239987832,https://openalex.org/T12189,Sulfur-Based Synthesis Techniques
https://openalex.org/W4239987832,https://openalex.org/T12023,Cholinesterase and Neurodegenerative Diseases
https://openalex.org/W4250384751,https://openalex.org/T11931,Organoselenium and organotellurium chemistry
https://openalex.org/W4250384751,https://openalex.org/T12893,Organic Chemistry Cycloaddition Reactions
https://openalex.org/W4250384751,https://openalex.org/T12410,Structural and Chemical Analysis of Organic and Inorganic Compounds
https://openalex.org/W4254198717,https://openalex.org/T10002,Advanced Chemical Physics Studies
https://openalex.org/W4254198717,https://openalex.org/T11129,Photochemistry and Electron Transfer Studies
https://openalex.org/W4254198717,https://openalex.org/T11177,Spectroscopy and Quantum Chemical Studies
https://openalex.org/W2326082366,https://openalex.org/T10271,Seismic Imaging and Inversion Techniques
https://openalex.org/W2326082366,https://openalex.org/T10635,Hydraulic Fracturing and Reservoir Analysis
https://openalex.org/W2326082366,https://openalex.org/T10399,Hydrocarbon exploration and reservoir analysis
https://openalex.org/W2899691443,https://openalex.org/T12189,Sulfur-Based Synthesis Techniques
https://openalex.org/W2922235311,https://openalex.org/T10836,Metabolomics and Mass Spectrometry Studies
https://openalex.org/W2922235311,https://openalex.org/T11986,Scientific Computing and Data Management
https://openalex.org/W4224139004,https://openalex.org/T11881,Crystallization and Solubility Studies
https://openalex.org/W4224139004,https://openalex.org/T11630,Petroleum Processing and Analysis
https://openalex.org/W4224139004,https://openalex.org/T11177,Spectroscopy and Quantum Chemical Studies
https://openalex.org/W4323305374,https://openalex.org/T10491,Enhanced Oil Recovery Techniques
https://openalex.org/W4323305374,https://openalex.org/T11630,Petroleum Processing and Analysis
https://openalex.org/W4323305374,https://openalex.org/T11801,Reservoir Engineering and Simulation Methods
https://openalex.org/W4387662071,https://openalex.org/T11240,Luminescence and Fluorescent Materials
https://openalex.org/W4387662071,https://openalex.org/T10660,Conducting polymers and applications
https://openalex.org/W4387662071,https://openalex.org/T10045,Organic Electronics and Photovoltaics
https://openalex.org/W4388293550,https://openalex.org/T10002,Advanced Chemical Physics Studies
https://openalex.org/W4388293550,https://openalex.org/T12967,Molecular Spectroscopy and Structure
https://openalex.org/W4388293550,https://openalex.org/T10683,Mass Spectrometry Techniques and Applications
https://openalex.org/W2558361452,https://openalex.org/T11177,Spectroscopy and Quantum Chemical Studies
https://openalex.org/W2605441437,https://openalex.org/T10973,Radioactive element chemistry and processing
https://openalex.org/W2605441437,https://openalex.org/T11434,Electrochemical Analysis and Applications
https://openalex.org/W2605441437,https://openalex.org/T11177,Spectroscopy and Quantum Chemical Studies
https://openalex.org/W2999680196,https://openalex.org/T10721,Surfactants and Colloidal Systems
https://openalex.org/W2999680196,https://openalex.org/T11630,Petroleum Processing and Analysis
https://openalex.org/W2999680196,https://openalex.org/T10491,Enhanced Oil Recovery Techniques
https://openalex.org/W2059134812,https://openalex.org/T10683,Mass Spectrometry Techniques and Applications
https://openalex.org/W2059134812,https://openalex.org/T10002,Advanced Chemical Physics Studies
https://openalex.org/W2059134812,https://openalex.org/T10075,Atmospheric chemistry and aerosols
https://openalex.org/W1994639173,https://openalex.org/T12327,Various Chemistry Research Topics
https://openalex.org/W1994639173,https://openalex.org/T10701,Radical Photochemical Reactions
https://openalex.org/W1994639173,https://openalex.org/T13180,Chemistry and Chemical Engineering
https://openalex.org/W2079512299,https://openalex.org/T12236,Photoreceptor and optogenetics research
https://openalex.org/W2197602757,https://openalex.org/T12383,Aeolian processes and effects
https://openalex.org/W2197602757,https://openalex.org/T12832,Biocrusts and Microbial Ecology
https://openalex.org/W2197602757,https://openalex.org/T10017,Geology and Paleoclimatology Research
https://openalex.org/W2332289226,https://openalex.org/T10491,Enhanced Oil Recovery Techniques
https://openalex.org/W2332289226,https://openalex.org/T10399,Hydrocarbon exploration and reservoir analysis
https://openalex.org/W2332289226,https://openalex.org/T10635,Hydraulic Fracturing and Reservoir Analysis
https://openalex.org/W2543797099,https://openalex.org/T12316,Oil Spill Detection and Mitigation
https://openalex.org/W2742968606,https://openalex.org/T12202,nanoparticles nucleation surface interactions
https://openalex.org/W2742968606,https://openalex.org/T11799,"Adhesion, Friction, and Surface Interactions"
https://openalex.org/W2746621280,https://openalex.org/T10306,Liquid Crystal Research Advancements
https://openalex.org/W2756738061,https://openalex.org/T11723,Optical Coatings and Gratings
https://openalex.org/W2756738061,https://openalex.org/T12044,Advanced Physical and Chemical Molecular Interactions
https://openalex.org/W2758935817,https://openalex.org/T11948,Machine Learning in Materials Science
https://openalex.org/W2758935817,https://openalex.org/T12039,Electron and X-Ray Spectroscopy Techniques
https://openalex.org/W2758935817,https://openalex.org/T12044,Advanced Physical and Chemical Molecular Interactions
https://openalex.org/W2764058070,https://openalex.org/T12784,Modular Robots and Swarm Intelligence
https://openalex.org/W2764058070,https://openalex.org/T10320,Neural Networks and Applications
https://openalex.org/W2771274819,https://openalex.org/T11881,Crystallization and Solubility Studies
https://openalex.org/W2771274819,https://openalex.org/T12613,X-ray Diffraction in Crystallography
https://openalex.org/W2772232717,https://openalex.org/T11881,Crystallization and Solubility Studies
https://openalex.org/W2772232717,https://openalex.org/T12613,X-ray Diffraction in Crystallography
https://openalex.org/W2772897442,https://openalex.org/T11881,Crystallization and Solubility Studies
https://openalex.org/W2772897442,https://openalex.org/T12613,X-ray Diffraction in Crystallography
https://openalex.org/W2775008371,https://openalex.org/T11881,Crystallization and Solubility Studies
https://openalex.org/W2775008371,https://openalex.org/T12613,X-ray Diffraction in Crystallography
https://openalex.org/W2800285825,https://openalex.org/T10002,Advanced Chemical Physics Studies
https://openalex.org/W2800285825,https://openalex.org/T11177,Spectroscopy and Quantum Chemical Studies
https://openalex.org/W2800285825,https://openalex.org/T10683,Mass Spectrometry Techniques and Applications
https://openalex.org/W3044054515,https://openalex.org/T13497,Hermeneutics and Narrative Identity
https://openalex.org/W3044054515,https://openalex.org/T13695,"Aging, Elder Care, and Social Issues"
https://openalex.org/W3044054515,https://openalex.org/T13099,"Health, Medicine and Society"
https://openalex.org/W3044840021,https://openalex.org/T13497,Hermeneutics and Narrative Identity
https://openalex.org/W3044840021,https://openalex.org/T13695,"Aging, Elder Care, and Social Issues"
https://openalex.org/W3044840021,https://openalex.org/T13099,"Health, Medicine and Society"
https://openalex.org/W4212911155,https://openalex.org/T11278,Calcium Carbonate Crystallization and Inhibition
https://openalex.org/W4212911155,https://openalex.org/T11881,Crystallization and Solubility Studies
https://openalex.org/W4212911155,https://openalex.org/T11401,Minerals Flotation and Separation Techniques
https://openalex.org/W4237079557,https://openalex.org/T10995,Methane Hydrates and Related Phenomena
https://openalex.org/W4237079557,https://openalex.org/T10110,earthquake and tectonic studies
https://openalex.org/W4237079557,https://openalex.org/T10017,Geology and Paleoclimatology Research
https://openalex.org/W4248447320,https://openalex.org/T12893,Organic Chemistry Cycloaddition Reactions
https://openalex.org/W4248447320,https://openalex.org/T13304,Synthesis and Reactivity of Sulfur-Containing Compounds
https://openalex.org/W4248447320,https://openalex.org/T12251,Synthesis and Catalytic Reactions
https://openalex.org/W4254319286,https://openalex.org/T10892,Drilling and Well Engineering
https://openalex.org/W4254319286,https://openalex.org/T10491,Enhanced Oil Recovery Techniques
https://openalex.org/W4254319286,https://openalex.org/T10635,Hydraulic Fracturing and Reservoir Analysis
https://openalex.org/W4324282229,https://openalex.org/T12084,Synthesis and properties of polymers
https://openalex.org/W4360601160,https://openalex.org/T11320,Atmospheric Ozone and Climate
https://openalex.org/W4360601160,https://openalex.org/T10075,Atmospheric chemistry and aerosols
https://openalex.org/W4361190515,https://openalex.org/T10075,Atmospheric chemistry and aerosols
https://openalex.org/W4361190515,https://openalex.org/T10461,Gas Sensing Nanomaterials and Sensors
https://openalex.org/W4361190515,https://openalex.org/T11320,Atmospheric Ozone and Climate
https://openalex.org/W4361974551,https://openalex.org/T12316,Oil Spill Detection and Mitigation
https://openalex.org/W4361974551,https://openalex.org/T11630,Petroleum Processing and Analysis
https://openalex.org/W4379388718,https://openalex.org/T11177,Spectroscopy and Quantum Chemical Studies
https://openalex.org/W4379388718,https://openalex.org/T10407,Lipid Membrane Structure and Behavior
https://openalex.org/W4379388718,https://openalex.org/T10962,Thermodynamic properties of mixtures
https://openalex.org/W4385153580,https://openalex.org/T10892,Drilling and Well Engineering
https://openalex.org/W4385153580,https://openalex.org/T13050,Oil and Gas Production Techniques
https://openalex.org/W4385153580,https://openalex.org/T10635,Hydraulic Fracturing and Reservoir Analysis
https://openalex.org/W4385859242,https://openalex.org/T10075,Atmospheric chemistry and aerosols
https://openalex.org/W4386781788,https://openalex.org/T11630,Petroleum Processing and Analysis
https://openalex.org/W4386781788,https://openalex.org/T10211,Computational Drug Discovery Methods
https://openalex.org/W4386781788,https://openalex.org/T13013,Free Radicals and Antioxidants
https://openalex.org/W4392244378,https://openalex.org/T12316,Oil Spill Detection and Mitigation
https://openalex.org/W4392244378,https://openalex.org/T10995,Methane Hydrates and Related Phenomena
https://openalex.org/W4392244378,https://openalex.org/T11630,Petroleum Processing and Analysis
https://openalex.org/W4397156521,https://openalex.org/T12613,X-ray Diffraction in Crystallography
https://openalex.org/W4397156521,https://openalex.org/T11881,Crystallization and Solubility Studies
https://openalex.org/W4397156521,https://openalex.org/T10798,Crystallography and molecular interactions
https://openalex.org/W4397184304,https://openalex.org/T12613,X-ray Diffraction in Crystallography
https://openalex.org/W4397184304,https://openalex.org/T11881,Crystallization and Solubility Studies
https://openalex.org/W4397184304,https://openalex.org/T10798,Crystallography and molecular interactions
https://openalex.org/W4397319391,https://openalex.org/T12613,X-ray Diffraction in Crystallography
https://openalex.org/W4397319391,https://openalex.org/T11881,Crystallization and Solubility Studies
https://openalex.org/W4397319391,https://openalex.org/T10798,Crystallography and molecular interactions
https://openalex.org/W4397324443,https://openalex.org/T11881,Crystallization and Solubility Studies
https://openalex.org/W4397324443,https://openalex.org/T12613,X-ray Diffraction in Crystallography
https://openalex.org/W4397398284,https://openalex.org/T11881,Crystallization and Solubility Studies
https://openalex.org/W4397398284,https://openalex.org/T12613,X-ray Diffraction in Crystallography
https://openalex.org/W4397423752,https://openalex.org/T11881,Crystallization and Solubility Studies
https://openalex.org/W4397423752,https://openalex.org/T12613,X-ray Diffraction in Crystallography
https://openalex.org/W4397452549,https://openalex.org/T11881,Crystallization and Solubility Studies
https://openalex.org/W4397452549,https://openalex.org/T12613,X-ray Diffraction in Crystallography
https://openalex.org/W4397474060,https://openalex.org/T11881,Crystallization and Solubility Studies
https://openalex.org/W4397474060,https://openalex.org/T12613,X-ray Diffraction in Crystallography
https://openalex.org/W4397540582,https://openalex.org/T11881,Crystallization and Solubility Studies
https://openalex.org/W4397540582,https://openalex.org/T12613,X-ray Diffraction in Crystallography
https://openalex.org/W4397557309,https://openalex.org/T11881,Crystallization and Solubility Studies
https://openalex.org/W4397557309,https://openalex.org/T12613,X-ray Diffraction in Crystallography
https://openalex.org/W4397570746,https://openalex.org/T11881,Crystallization and Solubility Studies
https://openalex.org/W4397570746,https://openalex.org/T12613,X-ray Diffraction in Crystallography
https://openalex.org/W4397615303,https://openalex.org/T11881,Crystallization and Solubility Studies
https://openalex.org/W4397615303,https://openalex.org/T12613,X-ray Diffraction in Crystallography
https://openalex.org/W4397628020,https://openalex.org/T11881,Crystallization and Solubility Studies
https://openalex.org/W4397628020,https://openalex.org/T12613,X-ray Diffraction in Crystallography
https://openalex.org/W4397648645,https://openalex.org/T11881,Crystallization and Solubility Studies
https://openalex.org/W4397648645,https://openalex.org/T12613,X-ray Diffraction in Crystallography
https://openalex.org/W4397813705,https://openalex.org/T11881,Crystallization and Solubility Studies
https://openalex.org/W4397813705,https://openalex.org/T12613,X-ray Diffraction in Crystallography
https://openalex.org/W4397968089,https://openalex.org/T11881,Crystallization and Solubility Studies
https://openalex.org/W4397968089,https://openalex.org/T12613,X-ray Diffraction in Crystallography
https://openalex.org/W4397983663,https://openalex.org/T11881,Crystallization and Solubility Studies
https://openalex.org/W4397983663,https://openalex.org/T12613,X-ray Diffraction in Crystallography
https://openalex.org/W4397986101,https://openalex.org/T11881,Crystallization and Solubility Studies
https://openalex.org/W4397986101,https://openalex.org/T12613,X-ray Diffraction in Crystallography
https://openalex.org/W4398035725,https://openalex.org/T11881,Crystallization and Solubility Studies
https://openalex.org/W4398035725,https://openalex.org/T12613,X-ray Diffraction in Crystallography
https://openalex.org/W4401704677,https://openalex.org/T11630,Petroleum Processing and Analysis
https://openalex.org/W4401704677,https://openalex.org/T10211,Computational Drug Discovery Methods
https://openalex.org/W4401704677,https://openalex.org/T13013,Free Radicals and Antioxidants
https://openalex.org/W4406563942,https://openalex.org/T10402,Phase Equilibria and Thermodynamics
https://openalex.org/W4406563942,https://openalex.org/T11053,Process Optimization and Integration
https://openalex.org/W4406563942,https://openalex.org/T12639,Global Energy and Sustainability Research
https://openalex.org/W4412806244,https://openalex.org/T10399,Hydrocarbon exploration and reservoir analysis
https://openalex.org/W4412806244,https://openalex.org/T10491,Enhanced Oil Recovery Techniques
https://openalex.org/W4412806244,https://openalex.org/T10903,Porphyrin and Phthalocyanine Chemistry
https://openalex.org/W4413292347,https://openalex.org/T10310,Corrosion Behavior and Inhibition
https://openalex.org/W4413292347,https://openalex.org/T11850,Concrete Corrosion and Durability
https://openalex.org/W4413292347,https://openalex.org/T10033,Concrete and Cement Materials Research
https://openalex.org/W4413697429,https://openalex.org/T11989,Oxidative Organic Chemistry Reactions
https://openalex.org/W4413697429,https://openalex.org/T11286,Polyoxometalates: Synthesis and Applications
https://openalex.org/W4413697429,https://openalex.org/T10701,Radical Photochemical Reactions
https://openalex.org/W4413697430,https://openalex.org/T10701,Radical Photochemical Reactions
https://openalex.org/W4413697430,https://openalex.org/T11989,Oxidative Organic Chemistry Reactions
https://openalex.org/W4413697430,https://openalex.org/T10354,Catalytic C–H Functionalization Methods
https://openalex.org/W4414082663,https://openalex.org/T10491,Enhanced Oil Recovery Techniques
https://openalex.org/W4414082663,https://openalex.org/T11630,Petroleum Processing and Analysis
https://openalex.org/W4414082663,https://openalex.org/T10399,Hydrocarbon exploration and reservoir analysis
https://openalex.org/W4414226784,https://openalex.org/T10683,Mass Spectrometry Techniques and Applications
https://openalex.org/W4414226784,https://openalex.org/T10908,Analytical Chemistry and Chromatography
https://openalex.org/W4414226784,https://openalex.org/T10532,Molecular Sensors and Ion Detection
https://openalex.org/W4414226895,https://openalex.org/T10491,Enhanced Oil Recovery Techniques
https://openalex.org/W4414226922,https://openalex.org/T10635,Hydraulic Fracturing and Reservoir Analysis
https://openalex.org/W4414226922,https://openalex.org/T10892,Drilling and Well Engineering
https://openalex.org/W4414226922,https://openalex.org/T10161,Rock Mechanics and Modeling
https://openalex.org/W4414310585,https://openalex.org/T10083,Graphene research and applications
https://openalex.org/W4414310585,https://openalex.org/T10179,Supercapacitor Materials and Fabrication
https://openalex.org/W4414310585,https://openalex.org/T10313,Surface Modification and Superhydrophobicity
https://openalex.org/W4414974848,https://openalex.org/T10017,Geology and Paleoclimatology Research
https://openalex.org/W4414974848,https://openalex.org/T10406,Planetary Science and Exploration
https://openalex.org/W4414974848,https://openalex.org/T10325,Astro and Planetary Science
https://openalex.org/W853964914,https://openalex.org/T12044,Advanced Physical and Chemical Molecular Interactions
https://openalex.org/W853964914,https://openalex.org/T10913,Molecular Junctions and Nanostructures
https://openalex.org/W853964914,https://openalex.org/T11746,Inorganic and Organometallic Chemistry